{"home":"Início","menu":"Menu","toprun":"Melhor Corrida","highscores":"Recordes","collect":"Coletar","characters":"Personagens","boards":"Pranchas","awards":"Prêmios","boosts":"Melhorias","free-stuff":"Coisas Grátis","get-free-stuff":"Pegue Coisas Grátis","store":"Loja","resume":"CONTINUAR","play":"JOGAR","pause":"Pausar","paused":"Pausado","completed":"Completo","gameover":"FIm de Jogo","empty":"","free":"Grátis!","save_me":"Salve me!","outfit":"Visual {{name}}","turn-on":"LIGAR","turn-off":"DESLIGAR","select":"SELECIONAR","selected":"SELECIONADO","locked":"TRANCADO","key":"Chave","keys":"{{num}}","cost":"{{value}}","start_countdown":"Começando em\n{{num}}","you-have":"Você tem: {{num}}","open-immediately":"Abra imediatamente","view-prizes":"Veja Presentes","word-hunt":"Caça Palavra","word-hunt-complete":"Caça Palavra\nCompleto","missions":"Missões","mission-set":"GRUPO DE MISSÕES {{num}}","collect-letters":"COLETAR LETRAS","prizes":"Presentes","mystery":"Mistério","in-mini-mystery":"na Mini Caixa Misteriosa","in-mystery":"na Caixa Misteriosa","in-super-mystery":"na Super Caixa Misteriosa","jackpot":"Bolada!","jackpot-coins":"100,000 Moedas!","super-jackpot-coins":"300,000 Moedas!","prize-screen-open":"Aperte Espaço para abrir","prize-screen-continue":"Aperte Espaço para continuar","prize-screen-continue-mobile":"Toque para continuar","double-up":"Duplicado grátis!","get-coins":"Ganhe {{num}} Moedas","rare":"Raro","special":"Especial","common":"Comum","prize-key":"Chave","prize-scoreBoosters":"Melhorias de\nPontuação","prize-trophies":"Troféus","prize-n-coins":"{{num}}\nMoedas","prize-headstarts":"Início Adiantado","prize-upto-boards":"Até {{num}}\nPranchas","prize-upto-coins":"Até {{num}}\nMoedas","prize-upto-keys":"Até {{num}}\nChaves","hoverboard_need":"Precisa de pranchas?","hoverboard_have":"Você tem: {{num}}","hoverboard_help1":"Se proteja de trombadas por 30 segundos.","hoverboard_help2":"{{command}} para ativar enquanto corre.","hoverboard_command":"Toque Duplo","hoverboard_command_desktop":"Aperte Espaço","leaderboards":"Lista dos Melhores","score":"Pontos","coins":"Moedas","high_score":"Melhor Pontuação","new_high_score":"Novo Recorde!","settings":"Configurações","tap_to_play":"TOQUE PARA JOGAR","tap_to_play_desktop":"APERTE PARA JOGAR","nickname_prompt":"Defina seu apelido","ok":"OK","cancel":"Cancelar","not_enough_keys_title":"Sem chaves o\nsuficiente!","not_enough_keys_message":"Requer {{num}} Chaves","not_enough_coins_title":"Sem moedas o\nsuficiente!","not_enough_coins_message":"Requer {{num}} Moedas","sound":"Som","on":"Ligado","off":"Desligado","nickname":"Apelido","keyboard-key":"Tecla {{key}}","tutorial_good":"Novos Movimentos!","tutorial_good_desktop":"Novos Movimentos!","tutorial_hoverboard":"Toque Duplo para\nPrancha","tutorial_hoverboard_desktop":"Aperte Espaço para\nPrancha","tutorial_finished":"Você é demais! Agora VAI!","tutorial_finished_desktop":"Você é demais! Agora VAI!","tutorial_up":"Deslize para Cima","tutorial_up_desktop":"Aperte Seta para Cima","tutorial_down":"Deslize para Baixo","tutorial_down_desktop":"Aperte Seta para Baixo","tutorial_left":"Deslize para Esquerda","tutorial_left_desktop":"Aperte Seta para Esquerda","tutorial_right":"Deslize para Direita","tutorial_right_desktop":"Aperte Seta para Direita","privacy_policy":"Poltica de Privacidade","privacy_policy_link":"https://poki.com/en/c/privacy-statement","jake":"Jake","jake-outfit-1":"Visual Dark","jake-outfit-2":"Visual Star","tricky":"Tricky","tricky-outfit-1":"Visual Camo","tricky-outfit-2":"Visual Heart","brody":"Brody","brody-outfit-1":"Visual Posh","brody-outfit-2":"Visual Chill","tagbot":"Tagbot","tagbot-outfit-1":"Visual Space","tagbot-outfit-2":"Visual Toy","tasha":"Tasha","tasha-outfit-1":"Visual Cheer","tasha-outfit-2":"Visual Gym","ninja":"Ninja","ninja-outfit-1":"Visual Yang","ninja-outfit-2":"Visual Flame","lucy":"Lucy","lucy-outfit-1":"Visual Goth","lucy-outfit-2":"Visual Steam","king":"King","king-outfit-1":"Visual Count","king-outfit-2":"Visual Royal","frizzy":"Frizzy","frizzy-outfit-1":"Visual Rasta","frizzy-outfit-2":"Visual Gold","spike":"Spike","spike-outfit-1":"Visual Rock","spike-outfit-2":"Visual Punk","fresh":"Fresh","fresh-outfit-1":"Visual Funk","fresh-outfit-2":"Visual Sport","yutani":"Yutani","hoverboard":"Prancha","hoverboards":"Pranchas","bouncer":"Bouncer","freestyler":"Freestyler","teleporter":"Teleporter","hotrod":"Hot Rod","skullfire":"Skull Fire","lowrider":"Lowrider","starboard":"Starboard","daredevil":"Daredevil","greatwhite":"Great White","windglider":"Windglider","scoot":"Scoot","lumberjack":"Lumberjack","superhero":"Superhero","bigkahuna":"Big Kahuna","sunset":"Sunset","monster":"Monster","consumables-title":"Uso Único","permanents-title":"Melhorias","mysteryBox":"Caixa Misteriosa","scoreBooster":"Melhoria de Pontos","headstart":"Início Adiantado","jetpack":"Mochila a jato","sneakers":"Super Tênis","magnet":"Imã de Moedas","multiplier":"Multiplicator de Pontos","special-power":"PODER ESPECIAL","super-jump":"Super Pulo","speed-up":"Aumento de Velocidade","zap-sideways":"Teleporte de Lado","double-jump":"Pulo Duplo","stay-low":"Permaneça Baixo","star-trail":"Trilha de Estrelas","pink-trail":"Trilha Rosa","smooth-drift":"Deslize Suave","hoverboard-description":"Se proteja de trombadas\npor 30 segunds. Ative\npressionando Espaço.","scoreBooster-description":"Use até 3 vezes para aumentar\nMultiplicador por 5, 6, ou 7\nem uma corrida.","headstart-description":"Use até 3 vezer para se adiantar\ne começar em uma velocidade\nmaior.","jetpack-description":"Aumente a duração da\nMochila a Jato.","sneakers-description":"Aumente a duração dos\nSuper Tênis.","magnet-description":"Aumente a duração do\nImã de Moedas.","multiplier-description":"Aumente a duração do\nMultiplicador de Pontos.","mission-pickup-coins":"Colete {{amount}} Moedas","mission-pickup-coins-onerun":"Colete {{amount}} modeas em uma corrida","mission-pickup-coins-jetpack":"Pegue {{amount}} moedas com a Mochila a Jato","mission-pickup-coins-magnet":"Pegue {{amount}} moedas com Imã de Moedas","mission-pickup-coins-pogo":"Pegue {{amount}} moedas com Super Pula-Pula","mission-pickup-coins-air":"Pegue {{amount}} moedas sem tocar o chão","mission-coins-mystery":"Ganhe {{amount}} moedas de Caixas Misteriosas","mission-spend-coins":"Gaste {{amount}} Moedas","mission-score":"Ganhe {{amount}} Pontos","mission-score-onerun":"Marque {{amount}} pontos em uma corrida","mission-score-nocoins":"Marque {{amount}} pontos sem coletar moedas","mission-pickup-powerups":"Pegue {{amount}} Poderes Especiais","mission-pickup-sneakers":"Pegue {{amount}} Super Tênis","mission-pickup-sneakers-onerun":"Pegue {{amount}} Super Tênis eu uma corrida","mission-pickup-magnets":"Pegue {{amount}} Imã de Moedas","mission-pickup-magnets-onerun":"Pegue {{amount}} Imã de Moedas em uma corrida§","mission-pickup-jetpacks":"Pegue {{amount}} Mochila a Jato","mission-pickup-jetpacks-onerun":"Pegue {{amount}} Mochila a Jato em uma corrida","mission-pickup-pogos":"Pegue {{amount}} Super Pula-Pula","mission-pickup-pogos-onerun":"Pegue {{amount}} Super Pula-Pula em uma corrida","mission-pickup-keys":"Pegue {{amount}} Chaves","mission-pickup-mystery":"Pegue {{amount}} Caixas Misteriosas","mission-character-tokens":"Ganhe {{amount}} marcadores de Caixas Misteriosas","mission-daily-challenges":"Complete {{amount}} Desafios Diários","mission-buy-mystery":"Compre {{amount}} Caixas Misteriosas","mission-dodge":"Desvie de {{amount}} barreiras","mission-jump":"Pule {{amount}} vezes","mission-jump-onerun":"Pule {{amount}} vezer em uma corrida","mission-jump-trains":"Pule em cima de {{amount}} trens","mission-jump-trains-onerun":"Pule em cima de {{amount}} trens em uma corrida","mission-roll":"Role {{amount}} vezes","mission-roll-onerun":"Role {{amount}} vezes em uma corrida","mission-roll-lane":"Role {{amount}} vezes na pista central","mission-hoverboard":"Use {{amount}} pranchas","mission-hoverboard-nocrash":"Use {{amount}} pranchas sem bater","mission-headstart":"Use {{amount}} Inícios Adiantados","mission-scoreBooster":"Use {{amount}} Melhorias de Pontos","mission-bump-lights":"Resvale em {{amount}} semáforos","mission-bump-barriers":"Tropece em {{amount}} barreiras","mission-bump-trains-onerun":"Resvale em {{amount}} trens em uma corrida","mission-high-score":"Bata o seu recorde","mission-get-caught":"Seja pego nos primeiros 10 segundos de uma corrida","skip-mission":"Pule essa Misso","mission-complete":"Missão Completa","when-born":"Quando você nasceu?","accept":"EU ACEITO","accepted":"ACEITO","consent-footer":"Assinalando a caixa acima, eu entendo que eu posso\nsempre retirar meu consentimento em qualquer momento em\nConfigurações do jogo, e que eu posso encontrar mais informações\nsobre processamento de meus dados pessoais pela Poki em\nPolítica de Privacidade da Poki.","consent-body":"I hereby consent to Poki's disclosure\nof the advertising ID of my device to\nadvertising network companies for\nthe purpose of serving targeted\nadvertisements in the game based on\nmy personal preferences.","award-collect":"Coletar Prêmio","award-complete":"Completar","award-completed":"Completo!","award-complete-missions":"Precisa de habilidade para ser um bom agente!","award-complete-missions-desc":"Complete {{x}} missões.","award-own-characters":"Todo mundo adora uma grande festa!","award-own-characters-desc":"Tenha {{x}} personagens.","award-daily-challenges":"Pratique o ABC!","award-daily-challenges-desc":"Complete desafios diários {{x}} dias em sequência.","award-own-boards":"Complete sua coleção, ande com estilo!","award-own-boards-desc":"Tenha {{x}} pranchas.","award-pickup-powerups":"Melhore sua corrida e mande ver!","award-pickup-powerups-desc":"Pegue {{x}} poderes especiais.","award-own-outfits":"Vista-se para a sua melhor aparência!","award-own-outfits-desc":"Tenha {{x}} visuais!","award-score-no-coins":"Ouro não importa!","award-score-no-coins-desc":"Marque {{x}} pontos em uma corrida sem coletar moedas.","award-missions-in-one-run":"Surfe com um propósito maior!","award-missions-in-one-run-desc":"Complete {{x}} missões em uma corrida.","award-super-sneakers-minutes":"Corra como um canguru!","award-super-sneakers-minutes-desc":"Use Super Tênis {{x}} minutos em sequência.","award-collect-coins-single-run":"Tempo é tudo!","award-collect-coins-single-run-desc":"Colete {{x}} Moedas em uma corrida.","award-open-mystery-boxes":"Desembrulhe sua sorte!","award-open-mystery-boxes-desc":"Abra {{x}} Caixas Misteriosas.","award-score-no-jump":"Sem pulo!","award-score-no-jump-desc":"Marque {{x}} pontos em uma corrida sem pular ou rolar.","award-score-no-change-lanes":"Fique calmo e mantenha-se na linha!","award-score-no-change-lanes-desc":"Marque {{x}} pontos sem mudar de pista."}
